"","Percentiles","Year","Networth","Pre-Tax and Post-Transfer","Post-Tax","Post-Tax and Post-Transfer"
"1",0.01,1989,-16150.29984,-11789.2063401854,-16150.29984,-11789.2063401854
"2",0.02,1989,-9566.864808,-4820.5684530927,-9566.864808,-4820.5684530927
"3",0.03,1989,-6861.88848,-1638.2433600927,-6861.88848,-1638.2433600927
"4",0.04,1989,-3759.121515,987.174839907304,-3759.121515,987.174839907304
"5",0.05,1989,-1690.610205,2180.5467499073,-1690.610205,2180.5467499073
"6",0.06,1989,-994.4765913,2180.5467499073,-994.4765913,2180.5467499073
"7",0.07,1989,-238.6743819,2180.5467499073,-238.6743819,2180.5467499073
"8",0.08,1989,0,2777.2327046673,0,2777.2327046673
"9",0.09,1989,0,3373.9186594073,0,3373.9186594073
"10",0.1,1989,0,4169.4999324073,0,4169.4999324073
"11",0.11,1989,0,4361.09349981461,0,4361.09349981461
"12",0.12,1989,99.447659127,4758.88413632461,99.447659127,4758.88413632461
"13",0.13,1989,397.79063651,5502.0985647073,397.79063651,5502.0985647073
"14",0.14,1989,795.58127301,6158.4531150073,795.58127301,6158.4531150073
"15",0.15,1989,1193.3719095,6541.64024972191,1193.3719095,6541.64024972191
"16",0.16,1989,1988.9531825,6794.9181334073,1988.9531825,6794.9181334073
"17",0.17,1989,2287.2961599,7727.71040832922,2287.2961599,7727.71040832922
"18",0.18,1989,2983.4297738,8530.59343222191,2983.4297738,8530.59343222191
"19",0.19,1989,3977.9063651,8913.78056653652,3977.9063651,8913.78056653652
"20",0.2,1989,4375.6970016,9875.77984552922,4375.6970016,9875.77984552922
"21",0.21,1989,5091.7201473,11101.6290677865,5091.7201473,11101.6290677865
"22",0.22,1989,6185.6443977,12423.6556399073,6185.6443977,12423.6556399073
"23",0.23,1989,7756.9174119,13468.4833550365,7756.9174119,13468.4833550365
"24",0.24,1989,8970.1788532,15345.4010974292,8970.1788532,15345.4010974292
"25",0.25,1989,11237.585481,16699.9049829073,11237.585481,16699.9049829073
"26",0.26,1989,12967.97475,18773.7023227219,12967.97475,18773.7023227219
"27",0.27,1989,15255.27091,19959.7724806292,15255.27091,19959.7724806292
"28",0.28,1989,16408.863756,22319.3250175365,16408.863756,22319.3250175365
"29",0.29,1989,18795.607575,24509.1892388146,18795.607575,24509.1892388146
"30",0.3,1989,20685.113098,26445.7755769073,20685.113098,26445.7755769073
"31",0.31,1989,22316.054708,28711.1664836292,22316.054708,28711.1664836292
"32",0.32,1989,25458.600736,31249.7248065365,25458.600736,31249.7248065365
"33",0.33,1989,29297.280379,33804.9023519073,29297.280379,33804.9023519073
"34",0.34,1989,31624.355602,36589.4368079073,31624.355602,36589.4368079073
"35",0.35,1989,34408.890058,39771.7618999073,34408.890058,39771.7618999073
"36",0.36,1989,37794.088375,42899.7044267219,37794.088375,42899.7044267219
"37",0.37,1989,40972.43556,45930.2150148146,40972.43556,45930.2150148146
"38",0.38,1989,43955.865334,49388.9778315365,43955.865334,49388.9778315365
"39",0.39,1989,47933.771699,53075.8429706292,47933.771699,53075.8429706292
"40",0.4,1989,51135.986323,57227.4690918146,51135.986323,57227.4690918146
"41",0.41,1989,54656.433456,60454.8592776292,54656.433456,60454.8592776292
"42",0.42,1989,60185.723304,65116.3114757219,60185.723304,65116.3114757219
"43",0.43,1989,64601.199369,68925.7841143511,64601.199369,68925.7841143511
"44",0.44,1989,68579.105734,73377.7689338146,68579.105734,73377.7689338146
"45",0.45,1989,72298.448185,76567.3957769073,72298.448185,76567.3957769073
"46",0.46,1989,75440.994214,82082.0821227219,75440.994214,82082.0821227219
"47",0.47,1989,80751.499211,85908.1739838146,80751.499211,85908.1739838146
"48",0.48,1989,86101.783272,91298.2371088146,86101.783272,91298.2371088146
"49",0.49,1989,89502.893214,94766.3173969073,89502.893214,94766.3173969073
"50",0.5,1989,93600.13677,100572.044968629,93600.13677,100572.044968629
"51",0.51,1989,99686.333509,106799.484149907,99686.333509,106799.484149907
"52",0.52,1989,105354.85008,111572.971789907,105354.85008,111572.971789907
"53",0.53,1989,109591.32036,116378.936739815,109591.32036,116378.936739815
"54",0.54,1989,116035.52867,121197.489469629,116035.52867,121197.489469629
"55",0.55,1989,120729.45818,126428.436339629,120729.45818,126428.436339629
"56",0.56,1989,126934.99211,133643.050359815,126934.99211,133643.050359815
"57",0.57,1989,135248.81641,141134.102109722,135248.81641,141134.102109722
"58",0.58,1989,141812.36191,147849.462119629,141812.36191,147849.462119629
"59",0.59,1989,146923.97159,152928.594479722,146923.97159,152928.594479722
"60",0.6,1989,154322.87743,160692.813649815,154322.87743,160692.813649815
"61",0.61,1989,161662.11468,167241.755649629,161662.11468,167241.755649629
"62",0.62,1989,168265.43924,174217.695289815,168265.43924,174217.695289815
"63",0.63,1989,176082.02525,180781.240789815,176082.02525,180781.240789815
"64",0.64,1989,183978.16938,189731.530109815,183978.16938,189731.530109815
"65",0.65,1989,193306.35981,198482.924119815,193306.35981,198482.924119815
"66",0.66,1989,201083.16675,206644.933909907,201083.16675,206644.933909907
"67",0.67,1989,206453.34035,215262.387229722,206453.34035,215262.387229722
"68",0.68,1989,216736.2283,221156.990399815,216736.2283,221156.990399815
"69",0.69,1989,224950.60494,229503.292009722,224950.60494,229503.292009722
"70",0.7,1989,232707.52236,238240.082509536,232707.52236,238240.082509536
"71",0.71,1989,241558.36402,248119.893799722,241558.36402,248119.893799722
"72",0.72,1989,254526.33877,259561.660629537,254526.33877,259561.660629537
"73",0.73,1989,264968.34298,271477.505909815,264968.34298,271477.505909815
"74",0.74,1989,283425.82851,288772.107899722,283425.82851,288772.107899722
"75",0.75,1989,293967.28038,301716.896039907,293967.28038,301716.896039907
"76",0.76,1989,309282.21988,313252.824499907,309282.21988,313252.824499907
"77",0.77,1989,323841.35718,330693.928189629,323841.35718,330693.928189629
"78",0.78,1989,342099.9474,346468.342649907,342099.9474,346468.342649907
"79",0.79,1989,364177.32772,370328.479089815,364177.32772,370328.479089815
"80",0.8,1989,376111.04682,385317.884329722,376111.04682,385317.884329722
"81",0.81,1989,395801.68332,400354.370389722,395801.68332,400354.370389722
"82",0.82,1989,411713.30878,417871.761899907,411713.30878,417871.761899907
"83",0.83,1989,433194.00316,440126.132289629,433194.00316,440126.132289629
"84",0.84,1989,458652.60389,466181.418979629,458652.60389,466181.418979629
"85",0.85,1989,491669.22672,497939.715279815,491669.22672,497939.715279815
"86",0.86,1989,527072.59337,533069.914509629,527072.59337,533069.914509629
"87",0.87,1989,577094.76591,583636.406159722,577094.76591,583636.406159722
"88",0.88,1989,623616.38085,628892.392819815,623616.38085,628892.392819815
"89",0.89,1989,658741.29406,664255.980399815,658741.29406,664255.980399815
"90",0.9,1989,731934.77117,734115.317919907,731934.77117,734115.317919907
"91",0.91,1989,792478.50605,797953.413329815,792478.50605,797953.413329815
"92",0.92,1989,892741.63598,898182.050229629,892741.63598,898182.050229629
"93",0.93,1989,998951.73593,1004804.54429981,998951.73593,1004804.54429981
"94",0.94,1989,1127736.4545,1134278.09474972,1127736.4545,1134278.09474972
"95",0.95,1989,1379060.5786,1387312.71864972,1379060.5786,1387312.71864972
"96",0.96,1989,1666205.7496,1668386.29634991,1666205.7496,1668386.29634991
"97",0.97,1989,2033684.7396,2038045.83309981,2033684.7396,2038045.83309981
"98",0.98,1989,2682003.919,2689930.52469963,2682003.919,2689930.52469963
"99",0.99,1989,4616420.0053,4625142.19229963,4616420.0053,4625142.19229963
"100",0.01,1992,-20201.08747,-16948.9670561727,-20201.08747,-16948.9670561727
"101",0.02,1992,-11709.47991,-7295.35003117272,-11709.47991,-7295.35003117272
"102",0.03,1992,-6346.359338,-2647.31220517272,-6346.359338,-2647.31220517272
"103",0.04,1992,-4058.094563,302.404106827281,-4058.094563,302.404106827281
"104",0.05,1992,-2020.108747,1535.92183692728,-2020.108747,1535.92183692728
"105",0.06,1992,-893.8534279,1821.95493382728,-893.8534279,1821.95493382728
"106",0.07,1992,-89.38534279,1875.58613950128,-89.38534279,1875.58613950128
"107",0.08,1992,0,2696.42523405456,0,2696.42523405456
"108",0.09,1992,0,3430.89110402728,0,3430.89110402728
"109",0.1,1992,0,3751.17227900456,0,3751.17227900456
"110",0.11,1992,178.77068558,4658.3845981364,178.77068558,4658.3845981364
"111",0.12,1992,589.94326241,5251.33997878184,589.94326241,5251.33997878184
"112",0.13,1992,1215.6406619,5683.40174232728,1215.6406619,5683.40174232728
"113",0.14,1992,1608.9361702,6469.99275892728,1608.9361702,6469.99275892728
"114",0.15,1992,2145.248227,7287.81973530912,2145.248227,7287.81973530912
"115",0.16,1992,2860.3309693,7900.15824352728,2860.3309693,7900.15824352728
"116",0.17,1992,3468.1513002,8612.22886768184,3468.1513002,8612.22886768184
"117",0.18,1992,4111.7257683,9151.55304252728,4111.7257683,9151.55304252728
"118",0.19,1992,5059.2104019,10079.6545485546,5059.2104019,10079.6545485546
"119",0.2,1992,6310.6052009,11045.0162506546,6310.6052009,11045.0162506546
"120",0.21,1992,7418.9834515,11976.1298748273,7418.9834515,11976.1298748273
"121",0.22,1992,8763.3390071,13331.7749669818,8763.3390071,13331.7749669818
"122",0.23,1992,10143.4487,14648.653803891,10143.4487,14648.653803891
"123",0.24,1992,11798.865248,16423.0017684091,11798.865248,16423.0017684091
"124",0.25,1992,13139.64539,17731.0398916546,13139.64539,17731.0398916546
"125",0.26,1992,14891.598109,19375.7301986546,14891.598109,19375.7301986546
"126",0.27,1992,16448.69078,21288.5765346546,16448.69078,21288.5765346546
"127",0.28,1992,18860.307329,23274.4372038273,18860.307329,23274.4372038273
"128",0.29,1992,20522.874704,25419.6854298273,20522.874704,25419.6854298273
"129",0.3,1992,23061.41844,27667.6778913091,23061.41844,27667.6778913091
"130",0.31,1992,25296.052009,29546.6067068273,25296.052009,29546.6067068273
"131",0.32,1992,27888.22695,32117.5619031364,27888.22695,32117.5619031364
"132",0.33,1992,30033.475177,34353.7015323091,30033.475177,34353.7015323091
"133",0.34,1992,32841.962648,36932.5175818273,32841.962648,36932.5175818273
"134",0.35,1992,35718.382979,39576.8176686546,35718.382979,39576.8176686546
"135",0.36,1992,37899.385343,42079.6072676546,37899.385343,42079.6072676546
"136",0.37,1992,40402.174941,45370.4939408273,40402.174941,45370.4939408273
"137",0.38,1992,43941.834515,48928.0305838273,43941.834515,48928.0305838273
"138",0.39,1992,47106.07565,51752.6074158273,47106.07565,51752.6074158273
"139",0.4,1992,51182.047281,55667.6854298273,51182.047281,55667.6854298273
"140",0.41,1992,54900.477541,58986.7959461364,54900.477541,58986.7959461364
"141",0.42,1992,58458.014184,62813.9946763091,58458.014184,62813.9946763091
"142",0.43,1992,61658.009456,65984.5416948273,61658.009456,65984.5416948273
"143",0.44,1992,64947.390071,68895.2101036546,64947.390071,68895.2101036546
"144",0.45,1992,67932.86052,72862.4132644818,67932.86052,72862.4132644818
"145",0.46,1992,72044.586288,77187.1577963091,72044.586288,77187.1577963091
"146",0.47,1992,76478.099291,80603.1839504818,76478.099291,80603.1839504818
"147",0.48,1992,80448.596217,85486.6357848273,80448.596217,85486.6357848273
"148",0.49,1992,84361.886525,89062.0494968273,84361.886525,89062.0494968273
"149",0.5,1992,88849.030733,93152.8860784819,88849.030733,93152.8860784819
"150",0.51,1992,93318.297872,97264.6118464818,93318.297872,97264.6118464818
"151",0.52,1992,98306,102523.482123827,98306,102523.482123827
"152",0.53,1992,102203.20095,106705.491751482,102203.20095,106705.491751482
"153",0.54,1992,105975.26241,110080.963945309,105975.26241,110080.963945309
"154",0.55,1992,111159.61229,115497.715715309,111159.61229,115497.715715309
"155",0.56,1992,117166.30733,121948.325342964,117166.30733,121948.325342964
"156",0.57,1992,122994.23168,127497.746893827,122994.23168,127497.746893827
"157",0.58,1992,127785.28605,133108.134301482,127785.28605,133108.134301482
"158",0.59,1992,135329.40898,139599.016247655,135329.40898,139599.016247655
"159",0.6,1992,140692.52955,145643.253127655,140692.52955,145643.253127655
"160",0.61,1992,146609.83924,151213.086572964,146609.83924,151213.086572964
"161",0.62,1992,154726.02837,158672.342341482,154726.02837,158672.342341482
"162",0.63,1992,159820.99291,163966.966753827,159820.99291,163966.966753827
"163",0.64,1992,166632.15603,171277.181737655,166632.15603,171277.181737655
"164",0.65,1992,174355.04965,178983.704343827,174355.04965,178983.704343827
"165",0.66,1992,181952.80378,186526.321217655,181952.80378,186526.321217655
"166",0.67,1992,189639.94326,193517.761083827,189639.94326,193517.761083827
"167",0.68,1992,195932.67139,199108.765365309,195932.67139,199108.765365309
"168",0.69,1992,203441.04019,207510.987585309,203441.04019,207510.987585309
"169",0.7,1992,210234.32624,214626.060865309,210234.32624,214626.060865309
"170",0.71,1992,220603.026,224246.935867655,220603.026,224246.935867655
"171",0.72,1992,229362.7896,234326.590425309,229362.7896,234326.590425309
"172",0.73,1992,239016.40662,243698.692523827,239016.40662,243698.692523827
"173",0.74,1992,252638.73286,256713.198433827,252638.73286,256713.198433827
"174",0.75,1992,264580.61466,270383.131639136,264580.61466,270383.131639136
"175",0.76,1992,276433.11111,281525.063527655,276433.11111,281525.063527655
"176",0.77,1992,290502.36407,294414.429957655,290502.36407,294414.429957655
"177",0.78,1992,302837.54137,307300.784275309,302837.54137,307300.784275309
"178",0.79,1992,316602.88416,321085.791835309,316602.88416,321085.791835309
"179",0.8,1992,330546.99764,333974.876621482,330546.99764,333974.876621482
"180",0.81,1992,345045.30024,348279.543583827,345045.30024,348279.543583827
"181",0.82,1992,357112.32151,360756.231377655,357112.32151,360756.231377655
"182",0.83,1992,375418.43972,379062.349587655,375418.43972,379062.349587655
"183",0.84,1992,395851.92908,400851.484035309,395851.92908,400851.484035309
"184",0.85,1992,422560.2695,427832.498673827,422560.2695,427832.498673827
"185",0.86,1992,449429.50355,453073.413417655,449429.50355,453073.413417655
"186",0.87,1992,485666.32151,489398.110661482,485666.32151,489398.110661482
"187",0.88,1992,515217.11584,520215.164739136,515217.11584,520215.164739136
"188",0.89,1992,564361.1773,570491.505763827,564361.1773,570491.505763827
"189",0.9,1992,639820.28369,643464.193557655,639820.28369,643464.193557655
"190",0.91,1992,693809.03073,698538.923609136,693809.03073,698538.923609136
"191",0.92,1992,753875.98109,762985.755759136,753875.98109,762985.755759136
"192",0.93,1992,861710.45863,865874.309543827,861710.45863,865874.309543827
"193",0.94,1992,996342.66194,999898.692523827,996342.66194,999898.692523827
"194",0.95,1992,1194188.1797,1198691.69493383,1194188.1797,1198691.69493383
"195",0.96,1992,1374853.8345,1378961.04210148,1374853.8345,1378961.04210148
"196",0.97,1992,1827215.1773,1829037.13223383,1827215.1773,1829037.13223383
"197",0.98,1992,2510834.279,2514478.18886765,2510834.279,2514478.18886765
"198",0.99,1992,4152379.60566476,4156023.51553241,4152379.60566476,4156023.51553241
"199",0.01,1995,-21283.77483,-16626.9528626773,-21283.77483,-16626.9528626773
"200",0.02,1995,-12069.15232,-7362.81963535467,-12069.15232,-7362.81963535467
"201",0.03,1995,-7845.783664,-3589.59745767734,-7845.783664,-3589.59745767734
"202",0.04,1995,-4490.459161,-653.308153709339,-4490.459161,-653.308153709339
"203",0.05,1995,-2503.97351,900.861703322665,-2503.97351,900.861703322665
"204",0.06,1995,-1001.589404,1902.45110732267,-1001.589404,1902.45110732267
"205",0.07,1995,-16.69315673,2201.790407968,-16.69315673,2201.790407968
"206",0.08,1995,0,3203.379811968,0,3203.379811968
"207",0.09,1995,0,3804.90221464533,0,3804.90221464533
"208",0.1,1995,100.1589404,4239.49304992266,100.1589404,4239.49304992266
"209",0.11,1995,534.18101545,5557.68367164533,534.18101545,5557.68367164533
"210",0.12,1995,1251.986755,6024.523299888,1251.986755,6024.523299888
"211",0.13,1995,1837.9165563,7063.40640894533,1837.9165563,7063.40640894533
"212",0.14,1995,2720.9845475,7661.59018012266,2720.9845475,7661.59018012266
"213",0.15,1995,3689.187638,8877.91558081333,3689.187638,8877.91558081333
"214",0.16,1995,4640.6975717,9497.83742082267,4640.6975717,9497.83742082267
"215",0.17,1995,5842.6048565,10313.5270597933,5842.6048565,10313.5270597933
"216",0.18,1995,6844.1942605,11414.706643936,6844.1942605,11414.706643936
"217",0.19,1995,7645.4657837,12417.4335683907,7645.4657837,12417.4335683907
"218",0.2,1995,8680.4415011,13318.8640318907,8680.4415011,13318.8640318907
"219",0.21,1995,9899.0419426,14738.9198746453,9899.0419426,14738.9198746453
"220",0.22,1995,11518.278146,15573.008951068,11518.278146,15573.008951068
"221",0.23,1995,13020.662252,17176.6895183227,13020.662252,17176.6895183227
"222",0.24,1995,14372.807947,18962.8572883227,14372.807947,18962.8572883227
"223",0.25,1995,16693.156733,20880.8640322907,16693.156733,20880.8640322907
"224",0.26,1995,18362.472406,22565.735341936,18362.472406,22565.735341936
"225",0.27,1995,19981.708609,24685.766246936,19981.708609,24685.766246936
"226",0.28,1995,22652.613687,27276.0493413227,22652.613687,27276.0493413227
"227",0.29,1995,25089.81457,29613.0912843227,25089.81457,29613.0912843227
"228",0.3,1995,27226.538631,31849.4055256453,27226.538631,31849.4055256453
"229",0.31,1995,29880.750552,33836.4599373227,29880.750552,33836.4599373227
"230",0.32,1995,31850.543046,36440.0236276453,31850.543046,36440.0236276453
"231",0.33,1995,34738.459161,39628.9853233227,34738.459161,39628.9853233227
"232",0.34,1995,37709.84106,42132.9588333227,37709.84106,42132.9588333227
"233",0.35,1995,40230.507726,45085.9412942907,40230.507726,45085.9412942907
"234",0.36,1995,43285.355408,48059.0294733227,43285.355408,48059.0294733227
"235",0.37,1995,45572.317881,50944.101786936,45572.317881,50944.101786936
"236",0.38,1995,49244.812362,53884.3724136453,49244.812362,53884.3724136453
"237",0.39,1995,52516.671082,57407.1972443227,52516.671082,57407.1972443227
"238",0.4,1995,56556.415011,61629.428376968,56556.415011,61629.428376968
"239",0.41,1995,60896.635762,65402.081798968,60896.635762,65402.081798968
"240",0.42,1995,65153.390728,69760.1332263227,65153.390728,69760.1332263227
"241",0.43,1995,68775.80574,74016.8881933227,68775.80574,74016.8881933227
"242",0.44,1995,72481.686534,77355.5195403227,72481.686534,77355.5195403227
"243",0.45,1995,75953.863135,81243.887537968,75953.863135,81243.887537968
"244",0.46,1995,80527.788079,85267.5070716453,80527.788079,85267.5070716453
"245",0.47,1995,84300.441501,88940.0015526453,84300.441501,88940.0015526453
"246",0.48,1995,87639.072848,92511.768332968,87639.072848,92511.768332968
"247",0.49,1995,91612.04415,96535.3878656453,91612.04415,96535.3878656453
"248",0.5,1995,96486.445916,100894.539849323,96486.445916,100894.539849323
"249",0.51,1995,100643.04194,106099.429153291,100643.04194,106099.429153291
"250",0.52,1995,105901.38631,110089.662371968,105901.38631,110089.662371968
"251",0.53,1995,110375.15232,115065.360597323,110375.15232,115065.360597323
"252",0.54,1995,114164.4989,119604.761711968,114164.4989,119604.761711968
"253",0.55,1995,118354.48124,123510.391629291,118354.48124,123510.391629291
"254",0.56,1995,122861.63355,127734.329041968,122861.63355,127734.329041968
"255",0.57,1995,128537.30684,132809.580476613,128537.30684,132809.580476613
"256",0.58,1995,132877.52759,137948.834683936,132877.52759,137948.834683936
"257",0.59,1995,137601.69095,143359.692504645,137601.69095,143359.692504645
"258",0.6,1995,145364.00883,149703.092064645,145364.00883,149703.092064645
"259",0.61,1995,151039.68212,155545.696914645,151039.68212,155545.696914645
"260",0.62,1995,156665.27594,160753.393061968,156665.27594,160753.393061968
"261",0.63,1995,162259.15276,166210.917786613,162259.15276,166210.917786613
"262",0.64,1995,168600.883,172806.420974645,168600.883,172806.420974645
"263",0.65,1995,174743.96468,179015.706521968,174743.96468,179015.706521968
"264",0.66,1995,182205.80574,186476.978819291,182205.80574,186476.978819291
"265",0.67,1995,188966.53422,193206.027267323,188966.53422,193206.027267323
"266",0.68,1995,196812.31788,202252.011939291,196812.31788,202252.011939291
"267",0.69,1995,205759.84989,210197.385776613,205759.84989,210197.385776613
"268",0.7,1995,213839.33775,218078.830797323,213839.33775,218078.830797323
"269",0.71,1995,221468.11038,226340.237099291,221468.11038,226340.237099291
"270",0.72,1995,235373.50993,239446.071417323,235373.50993,239446.071417323
"271",0.73,1995,244220.883,248343.523957323,244220.883,248343.523957323
"272",0.74,1995,257909.27152,261647.969867323,257909.27152,261647.969867323
"273",0.75,1995,268743.13024,272164.658617323,268743.13024,272164.658617323
"274",0.76,1995,279027.78411,284400.742497323,279027.78411,284400.742497323
"275",0.77,1995,289492.72406,294265.829364645,289492.72406,294265.829364645
"276",0.78,1995,299976.02649,304849.290734645,299976.02649,304849.290734645
"277",0.79,1995,312829.75717,316667.476941968,312829.75717,316667.476941968
"278",0.8,1995,329189.05077,333126.360719291,329189.05077,333126.360719291
"279",0.81,1995,342627.04194,347649.407079291,342627.04194,347649.407079291
"280",0.82,1995,360906.04857,365145.541617323,360906.04857,365145.541617323
"281",0.83,1995,377148.49007,381720.708731968,377148.49007,381720.708731968
"282",0.84,1995,401971.21413,407644.043616613,401971.21413,407644.043616613
"283",0.85,1995,431017.30684,436424.183341968,431017.30684,436424.183341968
"284",0.86,1995,468443.36424,472446.878056613,468443.36424,472446.878056613
"285",0.87,1995,508156.38411,513130.907851968,508156.38411,513130.907851968
"286",0.88,1995,545382.12362,550004.990514645,545382.12362,550004.990514645
"287",0.89,1995,584761.28035,590785.234889291,584761.28035,590785.234889291
"288",0.9,1995,637161.09934,640916.490847323,637161.09934,640916.490847323
"289",0.91,1995,697940.883,702145.852221968,697940.883,702145.852221968
"290",0.92,1995,791672.95806,796012.610047323,791672.95806,796012.610047323
"291",0.93,1995,867376.42384,873083.777161968,867376.42384,873083.777161968
"292",0.94,1995,984896.24724,991205.122964645,984896.24724,991205.122964645
"293",0.95,1995,1142479.6468,1146785.34371465,1142479.6468,1146785.34371465
"294",0.96,1995,1322932.6711,1326737.57331465,1322932.6711,1326737.57331465
"295",0.97,1995,1677495.3201,1681183.37021465,1677495.3201,1681183.37021465
"296",0.98,1995,2204832.1413,2212441.94572929,2204832.1413,2212441.94572929
"297",0.99,1995,4105514.9669,4108419.00740732,4105514.9669,4108419.00740732
"298",0.01,1998,-36001.28536,-28185.4383505984,-36001.28536,-28185.4383505984
"299",0.02,1998,-22176.41431,-14173.250611496,-22176.41431,-14173.250611496
"300",0.03,1998,-13448.97296,-7266.78739029919,-13448.97296,-7266.78739029919
"301",0.04,1998,-8996.389351,-2139.94749959839,-8996.389351,-2139.94749959839
"302",0.05,1998,-4718.386023,2154.25669970081,-4718.386023,2154.25669970081
"303",0.06,1998,-2532.200499,3585.50045970081,-2532.200499,3585.50045970081
"304",0.07,1998,-943.6772047,3634.25711527481,-943.6772047,3634.25711527481
"305",0.08,1998,0,4340.44222343081,0,4340.44222343081
"306",0.09,1998,0,5440.92604440161,0,5440.92604440161
"307",0.1,1998,0,7171.00091940161,0,7171.00091940161
"308",0.11,1998,157.27953411,7485.55998762161,157.27953411,7485.55998762161
"309",0.12,1998,503.29450915,8499.54006510242,503.29450915,8499.54006510242
"310",0.13,1998,943.67720466,9640.76252290081,943.67720466,9640.76252290081
"311",0.14,1998,1714.3469218,10756.5013791024,1714.3469218,10756.5013791024
"312",0.15,1998,2437.8327787,11449.4771652008,2437.8327787,11449.4771652008
"313",0.16,1998,3350.0540765,12769.2064978032,3350.0540765,12769.2064978032
"314",0.17,1998,4403.8269551,13853.962365504,4403.8269551,13853.962365504
"315",0.18,1998,5583.4234609,14767.6024169016,5583.4234609,14767.6024169016
"316",0.19,1998,6527.1006656,15978.6548295016,6527.1006656,15978.6548295016
"317",0.2,1998,7738.1530782,17047.6827435024,7738.1530782,17047.6827435024
"318",0.21,1998,8807.6539101,18320.701133774,8807.6539101,18320.701133774
"319",0.22,1998,9987.250416,19721.4348234024,9987.250416,19721.4348234024
"320",0.23,1998,11795.965058,21452.4555347008,11795.965058,21452.4555347008
"321",0.24,1998,13604.6797,23135.3465497008,13604.6797,23135.3465497008
"322",0.25,1998,15602.129784,25098.5032179057,15602.129784,25098.5032179057
"323",0.26,1998,17458.028286,26956.2933921024,17458.028286,26956.2933921024
"324",0.27,1998,19927.316972,29000.9273361024,19927.316972,29000.9273361024
"325",0.28,1998,22412.333611,31800.9759614016,22412.333611,31800.9759614016
"326",0.29,1998,24692.886855,34505.7110301024,24692.886855,34505.7110301024
"327",0.3,1998,28184.492512,37211.3919344016,28184.492512,37211.3919344016
"328",0.31,1998,31251.443428,40167.7742581024,31251.443428,40167.7742581024
"329",0.32,1998,34286.938436,43313.3649401024,34286.938436,43313.3649401024
"330",0.33,1998,37747.088186,45893.2222174016,37747.088186,45893.2222174016
"331",0.34,1998,40845.495008,48410.1676807008,40845.495008,48410.1676807008
"332",0.35,1998,43094.592346,51209.2704704016,43094.592346,51209.2704704016
"333",0.36,1998,46397.462562,54715.185326504,46397.462562,54715.185326504
"334",0.37,1998,49810.428453,59402.5883608032,49810.428453,59402.5883608032
"335",0.38,1998,53946.8802,63744.9222567008,53946.8802,63744.9222567008
"336",0.39,1998,58602.354409,67283.7117737008,58602.354409,67283.7117737008
"337",0.4,1998,62754.53411,70901.1410587008,62754.53411,70901.1410587008
"338",0.41,1998,66875.257903,76342.0671031024,66875.257903,76342.0671031024
"339",0.42,1998,71562.18802,81185.8038358032,71562.18802,81185.8038358032
"340",0.43,1998,76909.69218,85370.8581967008,76909.69218,85370.8581967008
"341",0.44,1998,80841.680532,89018.7975521024,80841.680532,89018.7975521024
"342",0.45,1998,84930.948419,94490.7065852048,84930.948419,94490.7065852048
"343",0.46,1998,91536.688852,99573.2001267008,91536.688852,99573.2001267008
"344",0.47,1998,96601.08985,105486.437691402,96601.08985,105486.437691402
"345",0.48,1998,102278.88103,110722.427423504,102278.88103,110722.427423504
"346",0.49,1998,107736.48087,116040.367349701,107736.48087,116040.367349701
"347",0.5,1998,112769.42596,122016.989639701,112769.42596,122016.989639701
"348",0.51,1998,118746.04825,127207.214269701,118746.04825,127207.214269701
"349",0.52,1998,124644.03078,132569.500549102,124644.03078,132569.500549102
"350",0.53,1998,131469.96256,140339.582449402,131469.96256,140339.582449402
"351",0.54,1998,136990.47421,146347.660649402,136990.47421,146347.660649402
"352",0.55,1998,142259.3386,151773.331659102,142259.3386,151773.331659102
"353",0.56,1998,147842.76206,155989.369009701,147842.76206,155989.369009701
"354",0.57,1998,153363.27371,162311.533369402,153363.27371,162311.533369402
"355",0.58,1998,159009.60899,167360.206409402,159009.60899,167360.206409402
"356",0.59,1998,166307.37937,175333.805869102,166307.37937,175333.805869102
"357",0.6,1998,173636.60566,181783.212609701,173636.60566,181783.212609701
"358",0.61,1998,180509.7213,188575.323888205,180509.7213,188575.323888205
"359",0.62,1998,187949.04326,195151.500089402,187949.04326,195151.500089402
"360",0.63,1998,194633.42346,203487.788309701,194633.42346,203487.788309701
"361",0.64,1998,202072.74542,210156.440559701,202072.74542,210156.440559701
"362",0.65,1998,212170.09151,220473.977999701,212170.09151,220473.977999701
"363",0.66,1998,222865.09983,233212.674419102,222865.09983,233212.674419102
"364",0.67,1998,233465.74043,242933.022549402,233465.74043,242933.022549402
"365",0.68,1998,244538.21963,252841.633199402,244538.21963,252841.633199402
"366",0.69,1998,255107.40433,264165.759659402,255107.40433,264165.759659402
"367",0.7,1998,264968.83111,274042.914399402,264968.83111,274042.914399402
"368",0.71,1998,278070.21631,286688.661859701,278070.21631,286688.661859701
"369",0.72,1998,290495.2995,299081.816229402,290495.2995,299081.816229402
"370",0.73,1998,302763.10316,312450.576629402,302763.10316,312450.576629402
"371",0.74,1998,315660.02496,324354.745688205,315660.02496,324354.745688205
"372",0.75,1998,328745.6822,338119.069509701,328745.6822,338119.069509701
"373",0.76,1998,343970.3411,353657.814559402,343970.3411,353657.814559402
"374",0.77,1998,360170.13311,368017.908949701,360170.13311,368017.908949701
"375",0.78,1998,384076.6223,395604.739229701,384076.6223,395604.739229701
"376",0.79,1998,408926.78869,417545.234239701,408926.78869,417545.234239701
"377",0.8,1998,430631.36439,438431.483449402,430631.36439,438431.483449402
"378",0.81,1998,446988.43594,459443.083368803,446988.43594,459443.083368803
"379",0.82,1998,477186.10649,484671.666479402,477186.10649,484671.666479402
"380",0.83,1998,504096.63478,514208.290069102,504096.63478,514208.290069102
"381",0.84,1998,533020.3411,541166.948049701,533020.3411,541166.948049701
"382",0.85,1998,560213.97255,571332.689769402,560213.97255,571332.689769402
"383",0.86,1998,592393.36522,601700.222219402,592393.36522,601700.222219402
"384",0.87,1998,629904.53411,639277.448509402,629904.53411,639277.448509402
"385",0.88,1998,670482.65391,679305.089939402,670482.65391,679305.089939402
"386",0.89,1998,716329.6381,726850.220179102,716329.6381,726850.220179102
"387",0.9,1998,776174.50083,787448.605918205,776174.50083,787448.605918205
"388",0.91,1998,849938.60233,862331.756699701,849938.60233,862331.756699701
"389",0.92,1998,922444.46755,932461.755119102,922444.46755,932461.755119102
"390",0.93,1998,1038674.0433,1050752.6385597,1038674.0433,1050752.6385597
"391",0.94,1998,1185101.2895,1193845.0858194,1185101.2895,1193845.0858194
"392",0.95,1998,1416774.0433,1423269.2150597,1416774.0433,1423269.2150597
"393",0.96,1998,1695473.3777,1703777.2641597,1695473.3777,1703777.2641597
"394",0.97,1998,2096221.6306,2107592.4680597,2096221.6306,2107592.4680597
"395",0.98,1998,3167059.3386,3178491.6690388,3167059.3386,3178491.6690388
"396",0.99,1998,5979453.3278,5988637.0337791,5979453.3278,5988637.0337791
"397",0.01,2001,-31050.99312,-25541.3904204911,-31050.99312,-25541.3904204911
"398",0.02,2001,-17099.7097,-11315.7028804911,-17099.7097,-11315.7028804911
"399",0.03,2001,-9604.144385,-2390.34764349114,-9604.144385,-2390.34764349114
"400",0.04,2001,-5242.563025,1693.29065475443,-5242.563025,1693.29065475443
"401",0.05,2001,-2238.559969,3570.79256475443,-2238.559969,3570.79256475443
"402",0.06,2001,-722.1161192,3572.23679699273,-722.1161192,3572.23679699273
"403",0.07,2001,0,4292.90868392443,0,4292.90868392443
"404",0.08,2001,0,5646.66147401772,0,5646.66147401772
"405",0.09,2001,0,6748.10348915443,0,6748.10348915443
"406",0.1,2001,144.42322383,7181.37316065443,144.42322383,7181.37316065443
"407",0.11,2001,577.69289534,8455.83646640886,577.69289534,8455.83646640886
"408",0.12,2001,1270.9243697,9816.95370646329,1270.9243697,9816.95370646329
"409",0.13,2001,2166.3483575,10712.3776942633,2166.3483575,10712.3776942633
"410",0.14,2001,3032.8877005,11355.2043294544,3032.8877005,11355.2043294544
"411",0.15,2001,3899.4270435,12647.6488936633,3899.4270435,12647.6488936633
"412",0.16,2001,4765.9663866,13889.6886186633,4765.9663866,13889.6886186633
"413",0.17,2001,5776.9289534,14745.3245752877,5776.9289534,14745.3245752877
"414",0.18,2001,7047.8533231,16312.4598430089,7047.8533231,16312.4598430089
"415",0.19,2001,8377.9912147,17684.4804695089,8377.9912147,17684.4804695089
"416",0.2,2001,9820.7792208,18944.5014528633,9820.7792208,18944.5014528633
"417",0.21,2001,11770.492743,20020.3111812721,11770.492743,20020.3111812721
"418",0.22,2001,12998.090145,21937.6011223177,12998.090145,21937.6011223177
"419",0.23,2001,14630.072574,23598.4681964177,14630.072574,23598.4681964177
"420",0.24,2001,16579.786096,25548.1817180177,16579.786096,25548.1817180177
"421",0.25,2001,18515.057296,27570.1068520177,18515.057296,27570.1068520177
"422",0.26,2001,21374.637128,30451.4934565089,21374.637128,30451.4934565089
"423",0.27,2001,23974.255157,33050.8249075266,23974.255157,33050.8249075266
"424",0.28,2001,26588.315508,36051.2890267722,26588.315508,36051.2890267722
"425",0.29,2001,30328.877005,39059.1175975089,30328.877005,39059.1175975089
"426",0.3,2001,33361.764706,42565.0629997544,33361.764706,42565.0629997544
"427",0.31,2001,36481.306341,45528.9914465266,36481.306341,45528.9914465266
"428",0.32,2001,39933.02139,48775.2616247544,39933.02139,48775.2616247544
"429",0.33,2001,43471.390374,52241.4189967544,43471.390374,52241.4189967544
"430",0.34,2001,46937.547746,55151.4036682633,46937.547746,55151.4036682633
"431",0.35,2001,49667.146677,59173.7337407544,49667.146677,59173.7337407544
"432",0.36,2001,53147.746371,62722.7195330177,53147.746371,62722.7195330177
"433",0.37,2001,57047.173415,66066.2604545089,57047.173415,66066.2604545089
"434",0.38,2001,60946.600458,70583.1684237544,60946.600458,70583.1684237544
"435",0.39,2001,66478.009931,75211.9327477544,66478.009931,75211.9327477544
"436",0.4,2001,71778.342246,79891.1019112633,71778.342246,79891.1019112633
"437",0.41,2001,75605.557678,85090.3379692633,75605.557678,85090.3379692633
"438",0.42,2001,80299.312452,89433.9380705089,80299.312452,89433.9380705089
"439",0.43,2001,85166.375095,94413.0003567544,85166.375095,94413.0003567544
"440",0.44,2001,90697.784568,100543.622919263,90697.784568,100543.622919263
"441",0.45,2001,98092.253629,106833.397604754,98092.253629,106833.397604754
"442",0.46,2001,103623.6631,111108.325034754,103623.6631,111108.325034754
"443",0.47,2001,108245.20626,116285.754314263,108245.20626,116285.754314263
"444",0.48,2001,112072.4217,121502.971639018,112072.4217,121502.971639018
"445",0.49,2001,118138.1971,126395.379984263,118138.1971,126395.379984263
"446",0.5,2001,125272.70435,134945.378124754,125272.70435,134945.378124754
"447",0.51,2001,132869.36593,141744.029739509,132869.36593,141744.029739509
"448",0.52,2001,139845.00764,147593.170309509,139845.00764,147593.170309509
"449",0.53,2001,145723.03285,153944.253224754,145723.03285,153944.253224754
"450",0.54,2001,151211.11536,159851.163074754,151211.11536,159851.163074754
"451",0.55,2001,159154.39267,168960.442989018,159154.39267,168960.442989018
"452",0.56,2001,167025.45837,176156.545044754,167025.45837,176156.545044754
"453",0.57,2001,173928.88846,182853.957119018,173928.88846,182853.957119018
"454",0.58,2001,182117.68526,190270.232949509,182117.68526,190270.232949509
"455",0.59,2001,192516.15737,201065.725649018,192516.15737,201065.725649018
"456",0.6,2001,201398.18564,211211.600409509,201398.18564,211211.600409509
"457",0.61,2001,211435.59969,220454.686729509,211435.59969,220454.686729509
"458",0.62,2001,221834.07181,229087.656584754,221834.07181,229087.656584754
"459",0.63,2001,232868.00611,240962.784519509,232868.00611,240962.784519509
"460",0.64,2001,245505.0382,254570.991144263,245505.0382,254570.991144263
"461",0.65,2001,256495.64553,265763.790984263,256495.64553,265763.790984263
"462",0.66,2001,269349.31245,280245.901399509,269349.31245,280245.901399509
"463",0.67,2001,284253.78915,293518.395669509,284253.78915,293518.395669509
"464",0.68,2001,294767.79985,304942.272679509,294767.79985,304942.272679509
"465",0.69,2001,313109.54927,322366.791339018,313109.54927,322366.791339018
"466",0.7,2001,330729.18258,339253.691724754,330729.18258,339253.691724754
"467",0.71,2001,346615.7372,355703.496914754,346615.7372,355703.496914754
"468",0.72,2001,362646.71505,369033.760474754,362646.71505,369033.760474754
"469",0.73,2001,376366.92131,383941.776119509,376366.92131,383941.776119509
"470",0.74,2001,391242.51337,399066.426584263,391242.51337,399066.426584263
"471",0.75,2001,416357.71199,423567.969794754,416357.71199,423567.969794754
"472",0.76,2001,434858.32697,441162.257399509,434858.32697,441162.257399509
"473",0.77,2001,453604.46142,461785.893759509,453604.46142,461785.893759509
"474",0.78,2001,481073.75859,489554.940764754,481073.75859,489554.940764754
"475",0.79,2001,513568.98396,522866.014054263,513568.98396,522866.014054263
"476",0.8,2001,548562.73109,558535.011409509,548562.73109,558535.011409509
"477",0.81,2001,575093.27731,582812.555339509,575093.27731,582812.555339509
"478",0.82,2001,604988.88464,612668.374634263,604988.88464,612668.374634263
"479",0.83,2001,638061.8029,646856.890659018,638061.8029,646856.890659018
"480",0.84,2001,674889.72498,685829.354318527,674889.72498,685829.354318527
"481",0.85,2001,715617.0741,727051.567914263,715617.0741,727051.567914263
"482",0.86,2001,772880.88235,784820.857454263,772880.88235,784820.857454263
"483",0.87,2001,823284.58747,834542.234479509,823284.58747,834542.234479509
"484",0.88,2001,876244.58365,883147.727169018,876244.58365,883147.727169018
"485",0.89,2001,950839.17876,959063.938069509,950839.17876,959063.938069509
"486",0.9,2001,1076617.3644,1084538.83492951,1076617.3644,1084538.83492951
"487",0.91,2001,1185700.2254,1192841.81052951,1185700.2254,1192841.81052951
"488",0.92,2001,1298075.9358,1304062.13512951,1298075.9358,1304062.13512951
"489",0.93,2001,1446831.8564,1454483.90599426,1446831.8564,1454483.90599426
"490",0.94,2001,1626407.6929,1633549.27802951,1626407.6929,1633549.27802951
"491",0.95,2001,1901765.0115,1912878.23522951,1901765.0115,1912878.23522951
"492",0.96,2001,2232205.3476,2246344.09465902,2232205.3476,2246344.09465902
"493",0.97,2001,2972374.3697,2988823.88835902,2972374.3697,2988823.88835902
"494",0.98,2001,4650052.3071,4657193.89222951,4650052.3071,4657193.89222951
"495",0.99,2001,8470422.0779,8484705.24815902,8470422.0779,8484705.24815902
"496",0.01,2004,-34949.50878,-23671.3875125888,-34949.50878,-23671.3875125888
"497",0.02,2004,-18572.85766,-8636.86260258879,-18572.85766,-8636.86260258879
"498",0.03,2004,-11794.44245,-1615.58607517757,-11794.44245,-1615.58607517757
"499",0.04,2004,-7429.143062,2611.82174964485,-7429.143062,2611.82174964485
"500",0.05,2004,-3687.45787,4743.72901201121,-3687.45787,4743.72901201121
"501",0.06,2004,-1586.149157,5260.24425045171,-1586.149157,5260.24425045171
"502",0.07,2004,-230.4661169,6451.88964311121,-230.4661169,6451.88964311121
"503",0.08,2004,0,7806.41105382242,0,7806.41105382242
"504",0.09,2004,1.3556830405,8659.32973923364,1.3556830405,8659.32973923364
"505",0.1,2004,271.1366081,9907.71976662243,271.1366081,9907.71976662243
"506",0.11,2004,1220.1147365,10681.6207295112,1220.1147365,10681.6207295112
"507",0.12,2004,2033.5245608,11901.7354659112,2033.5245608,11901.7354659112
"508",0.13,2004,2575.797777,13215.5863854224,2575.797777,13215.5863854224
"509",0.14,2004,3145.184654,14990.3695387336,3145.184654,14990.3695387336
"510",0.15,2004,3795.9125134,15940.5092969224,3795.9125134,15940.5092969224
"511",0.16,2004,4473.7540337,17431.7606414224,4473.7540337,17431.7606414224
"512",0.17,2004,5395.6185013,18787.4436819224,5395.6185013,18787.4436819224
"513",0.18,2004,6371.7102904,20266.2998264112,6371.7102904,20266.2998264112
"514",0.19,2004,7388.4725708,21539.4802538224,7388.4725708,21539.4802538224
"515",0.2,2004,8771.2692721,23357.2571584112,8771.2692721,23357.2571584112
"516",0.21,2004,10425.202582,24699.3833684112,10425.202582,24699.3833684112
"517",0.22,2004,12065.579061,26311.4845568224,12065.579061,26311.4845568224
"518",0.23,2004,13895.751165,27950.8934593449,13895.751165,27950.8934593449
"519",0.24,2004,15861.491574,29768.4763098224,15861.491574,29768.4763098224
"520",0.25,2004,17962.800287,31612.2052448224,17962.800287,31612.2052448224
"521",0.26,2004,19657.404087,33592.6641144112,19657.404087,33592.6641144112
"522",0.27,2004,22056.963069,36615.8372944112,22056.963069,36615.8372944112
"523",0.28,2004,24808.999641,39353.1554068224,24808.999641,39353.1554068224
"524",0.29,2004,28130.423091,42023.8509968224,28130.423091,42023.8509968224
"525",0.3,2004,31722.983148,44682.1513854112,31722.983148,44682.1513854112
"526",0.31,2004,35790.03227,47906.3537622336,35790.03227,47906.3537622336
"527",0.32,2004,38799.64862,51080.9753364112,38799.64862,51080.9753364112
"528",0.33,2004,43198.840086,55255.3174718224,43198.840086,55255.3174718224
"529",0.34,2004,46906.633202,59322.3665938224,46906.633202,59322.3665938224
"530",0.35,2004,51109.250627,63672.9475232336,51109.250627,63672.9475232336
"531",0.36,2004,54078.196486,67902.6786102336,54078.196486,67902.6786102336
"532",0.37,2004,57738.540696,72201.3554778224,57738.540696,72201.3554778224
"533",0.38,2004,61073.520975,76079.7706044112,61073.520975,76079.7706044112
"534",0.39,2004,64706.751524,79843.9229370561,64706.751524,79843.9229370561
"535",0.4,2004,71174.71531,84159.6415254112,71174.71531,84159.6415254112
"536",0.41,2004,76189.386877,88977.7417412897,76189.386877,88977.7417412897
"537",0.42,2004,80568.243098,92836.0129844112,80568.243098,92836.0129844112
"538",0.43,2004,85882.520617,98287.2144904112,85882.520617,98287.2144904112
"539",0.44,2004,91156.127644,103378.580521056,91156.127644,103378.580521056
"540",0.45,2004,96117.927573,109279.286636822,96117.927573,109279.286636822
"541",0.46,2004,102625.20617,115269.082415645,102625.20617,115269.082415645
"542",0.47,2004,108996.91646,120843.262974822,108996.91646,120843.262974822
"543",0.48,2004,114284.08032,126102.345589645,114284.08032,126102.345589645
"544",0.49,2004,119706.81248,131744.116247411,119706.81248,131744.116247411
"545",0.5,2004,126214.09107,138048.042387411,126214.09107,138048.042387411
"546",0.51,2004,133670.34779,146600.079112234,133670.34779,146600.079112234
"547",0.52,2004,140909.69523,152429.516182234,140909.69523,152429.516182234
"548",0.53,2004,148719.78523,163164.202607056,148719.78523,163164.202607056
"549",0.54,2004,158750.48404,172629.193492234,158750.48404,172629.193492234
"550",0.55,2004,168646.97024,181904.388747411,168646.97024,181904.388747411
"551",0.56,2004,177526.69416,190255.396277411,177526.69416,190255.396277411
"552",0.57,2004,184996.50771,198793.876172234,184996.50771,198793.876172234
"553",0.58,2004,195719.96056,207227.386314822,195719.96056,207227.386314822
"554",0.59,2004,203352.45608,214355.955849645,203352.45608,214355.955849645
"555",0.6,2004,209859.73467,222124.019669645,209859.73467,222124.019669645
"556",0.61,2004,216773.71818,230245.722712234,216773.71818,230245.722712234
"557",0.62,2004,226534.63607,240129.813704822,226534.63607,240129.813704822
"558",0.63,2004,236309.11079,249767.558492234,236309.11079,249767.558492234
"559",0.64,2004,250394.65758,261754.119837411,250394.65758,261754.119837411
"560",0.65,2004,263273.64647,276231.653074822,263273.64647,276231.653074822
"561",0.66,2004,277779.455,291075.220742234,277779.455,291075.220742234
"562",0.67,2004,294942.40229,306898.365077411,294942.40229,306898.365077411
"563",0.68,2004,309095.73324,321539.741917411,309095.73324,321539.741917411
"564",0.69,2004,321703.58551,336452.255367411,321703.58551,336452.255367411
"565",0.7,2004,340696.70491,352720.451847411,340696.70491,352720.451847411
"566",0.71,2004,353899.70204,369367.077954822,353899.70204,369367.077954822
"567",0.72,2004,378655.83005,392360.623957411,378655.83005,392360.623957411
"568",0.73,2004,400400.98602,412613.366954822,400400.98602,412613.366954822
"569",0.74,2004,423650.95016,436524.130897056,423650.95016,436524.130897056
"570",0.75,2004,446277.30011,459126.852074822,446277.30011,459126.852074822
"571",0.76,2004,469744.17354,483815.001867411,469744.17354,483815.001867411
"572",0.77,2004,491841.8071,505856.084852234,491841.8071,505856.084852234
"573",0.78,2004,516921.94335,533975.274367411,516921.94335,533975.274367411
"574",0.79,2004,553525.38544,567974.643394822,553525.38544,567974.643394822
"575",0.8,2004,591484.51058,606368.748727411,591484.51058,606368.748727411
"576",0.81,2004,631477.16027,644812.434869645,631477.16027,644812.434869645
"577",0.82,2004,671496.92363,686190.204524822,671496.92363,686190.204524822
"578",0.83,2004,713495.98422,725126.583077411,713495.98422,725126.583077411
"579",0.84,2004,754032.26282,764550.039954822,754032.26282,764550.039954822
"580",0.85,2004,802157.65507,810799.943094467,802157.65507,810799.943094467
"581",0.86,2004,844251.61348,860039.512757056,844251.61348,860039.512757056
"582",0.87,2004,903698.31481,914865.658172234,903698.31481,914865.658172234
"583",0.88,2004,977989.74543,988993.245199645,977989.74543,988993.245199645
"584",0.89,2004,1054450.2689,1068300.70306964,1054450.2689,1068300.70306964
"585",0.9,2004,1131724.2022,1150726.23196964,1131724.2022,1150726.23196964
"586",0.91,2004,1256650.3944,1270461.31970223,1256650.3944,1270461.31970223
"587",0.92,2004,1366528.5048,1375922.22666741,1366528.5048,1375922.22666741
"588",0.93,2004,1506543.4493,1520692.13366964,1506543.4493,1520692.13366964
"589",0.94,2004,1672750.19,1682074.96613482,1672750.19,1682074.96613482
"590",0.95,2004,1937948.9064,1948466.68353482,1937948.9064,1948466.68353482
"591",0.96,2004,2417182.8612,2423797.43286741,2417182.8612,2423797.43286741
"592",0.97,2004,2978706.7766,2999742.33086964,2978706.7766,2999742.33086964
"593",0.98,2004,4485412.9079,4506448.46216964,4485412.9079,4506448.46216964
"594",0.99,2004,8616721.4055,8627239.18263482,8616721.4055,8627239.18263482
"595",0.01,2007,-38587.67875,-23267.8538649343,-38587.67875,-23267.8538649343
"596",0.02,2007,-23206.92132,-5924.38341493426,-23206.92132,-5924.38341493426
"597",0.03,2007,-13257.57101,803.154951065737,-13257.57101,803.154951065737
"598",0.04,2007,-8764.31603,5853.47072519721,-8764.31603,5853.47072519721
"599",0.05,2007,-5678.289259,8024.45759506574,-5678.289259,8024.45759506574
"600",0.06,2007,-2431.789096,8147.89866591574,-2431.789096,8147.89866591574
"601",0.07,2007,-950.4962455,9567.47098066574,-950.4962455,9567.47098066574
"602",0.08,2007,0,11382.0547220657,0,11382.0547220657
"603",0.09,2007,0,13678.0586397657,0,13678.0586397657
"604",0.1,2007,37.032321254,15282.7925607657,37.032321254,15282.7925607657
"605",0.11,2007,382.66731962,16246.4209034815,382.66731962,16246.4209034815
"606",0.12,2007,1172.690173,17740.0578607315,1172.690173,17740.0578607315
"607",0.13,2007,1975.0571335,19393.3802200657,1975.0571335,19393.3802200657
"608",0.14,2007,2740.3917728,21356.8812365315,2740.3917728,21356.8812365315
"609",0.15,2007,3703.2321254,22899.8946220315,3703.2321254,22899.8946220315
"610",0.16,2007,4641.3842638,24073.3727851972,4641.3842638,24073.3727851972
"611",0.17,2007,5715.3215802,25121.8338972315,5715.3215802,25121.8338972315
"612",0.18,2007,6789.2588965,26171.0829991315,6789.2588965,26171.0829991315
"613",0.19,2007,7838.5079987,28454.7428101315,7838.5079987,28454.7428101315
"614",0.2,2007,9048.230493,30121.9852565972,9048.230493,30121.9852565972
"615",0.21,2007,10122.167809,31850.1602484972,10122.167809,31850.1602484972
"616",0.22,2007,12097.224943,33208.0120277972,12097.224943,33208.0120277972
"617",0.23,2007,13887.12047,35440.7194300657,13887.12047,35440.7194300657
"618",0.24,2007,15528.886712,37921.8849540657,15528.886712,37921.8849540657
"619",0.25,2007,17466.911525,40123.5223860372,17466.911525,40123.5223860372
"620",0.26,2007,20046.829905,42675.9421611972,20046.829905,42675.9421611972
"621",0.27,2007,22997.071499,45637.7398721315,22997.071499,45637.7398721315
"622",0.28,2007,25552.301665,48146.7455703944,25552.301665,48146.7455703944
"623",0.29,2007,29255.53379,51304.4730141972,29255.53379,51304.4730141972
"624",0.3,2007,32773.60431,54814.1393765259,32773.60431,54814.1393765259
"625",0.31,2007,36513.868756,58142.3203481315,36513.868756,58142.3203481315
"626",0.32,2007,40463.983023,62216.6636761972,40463.983023,62216.6636761972
"627",0.33,2007,44810.343128,66536.3131661315,44810.343128,66536.3131661315
"628",0.34,2007,49376.428338,71107.5727374602,49376.428338,71107.5727374602
"629",0.35,2007,53931.403852,75053.7470541315,53931.403852,75053.7470541315
"630",0.36,2007,59659.06954,79126.5144020657,59659.06954,79126.5144020657
"631",0.37,2007,64460.927196,85055.6257533944,64460.927196,85055.6257533944
"632",0.38,2007,69509.666993,89866.6755561315,69509.666993,89866.6755561315
"633",0.39,2007,74434.96572,94188.6890152629,74434.96572,94188.6890152629
"634",0.4,2007,80131.771139,99741.9612231315,80131.771139,99741.9612231315
"635",0.41,2007,86161.86745,106236.537530263,86161.86745,106236.537530263
"636",0.42,2007,91593.274567,113568.149148197,91593.274567,113568.149148197
"637",0.43,2007,96938.272935,119492.532560131,96938.272935,119492.532560131
"638",0.44,2007,105418.6745,125047.380750131,105418.6745,125047.380750131
"639",0.45,2007,112035.1159,131527.248975066,112035.1159,131527.248975066
"640",0.46,2007,118997.1923,139983.750320131,118997.1923,139983.750320131
"641",0.47,2007,125416.12798,145008.589895197,125416.12798,145008.589895197
"642",0.48,2007,132205.38688,153809.938245197,132205.38688,153809.938245197
"643",0.49,2007,140043.89487,159674.177100263,140043.89487,159674.177100263
"644",0.5,2007,149363.69572,168991.613975066,149363.69572,168991.613975066
"645",0.51,2007,158498.33497,175509.302515066,158498.33497,175509.302515066
"646",0.52,2007,165411.03493,184237.374220131,165411.03493,184237.374220131
"647",0.53,2007,174101.28632,193927.498280131,174101.28632,193927.498280131
"648",0.54,2007,181408.99771,202099.297170131,181408.99771,202099.297170131
"649",0.55,2007,192074.30624,212321.793810263,192074.30624,212321.793810263
"650",0.56,2007,201480.51583,223923.678490131,201480.51583,223923.678490131
"651",0.57,2007,211492.82109,233305.199880131,211492.82109,233305.199880131
"652",0.58,2007,222193.92752,242812.526305329,222193.92752,242812.526305329
"653",0.59,2007,233846.76461,252129.175195066,233846.76461,252129.175195066
"654",0.6,2007,244289.8792,264906.902005197,244289.8792,264906.902005197
"655",0.61,2007,257004.3095,275583.766640131,257004.3095,275583.766640131
"656",0.62,2007,266632.71303,283915.250935066,266632.71303,283915.250935066
"657",0.63,2007,278359.61476,295642.152665066,278359.61476,295642.152665066
"658",0.64,2007,290827.16291,308481.600015197,290827.16291,308481.600015197
"659",0.65,2007,300936.98661,319836.602555066,300936.98661,319836.602555066
"660",0.66,2007,311565.26281,329465.794070131,311565.26281,329465.794070131
"661",0.67,2007,324279.69311,343450.879405066,324279.69311,343450.879405066
"662",0.68,2007,341586.13124,360202.620710131,341586.13124,360202.620710131
"663",0.69,2007,354893.07868,373411.603275197,354893.07868,373411.603275197
"664",0.7,2007,370693.53575,390076.147845197,370693.53575,390076.147845197
"665",0.71,2007,386086.63728,406739.116425066,386086.63728,406739.116425066
"666",0.72,2007,402664.7731,421922.368145066,402664.7731,421922.368145066
"667",0.73,2007,416983.93732,442043.262685066,416983.93732,442043.262685066
"668",0.74,2007,438833.00686,459818.776885066,438833.00686,459818.776885066
"669",0.75,2007,460126.59158,479238.421300263,460126.59158,479238.421300263
"670",0.76,2007,479901.85113,503887.239185066,479901.85113,503887.239185066
"671",0.77,2007,506849.03689,526725.413265197,506849.03689,526725.413265197
"672",0.78,2007,541906.30101,557650.999900394,541906.30101,557650.999900394
"673",0.79,2007,572519.68658,595975.066020132,572519.68658,595975.066020132
"674",0.8,2007,613378.68103,635885.928195329,613378.68103,635885.928195329
"675",0.81,2007,649793.79693,671396.772315066,649793.79693,671396.772315066
"676",0.82,2007,693738.81815,711640.137395197,693738.81815,711640.137395197
"677",0.83,2007,721513.05909,743116.822470132,721513.05909,743116.822470132
"678",0.84,2007,765828.40353,785210.227630132,765828.40353,785210.227630132
"679",0.85,2007,809403.10153,829772.454200131,809403.10153,829772.454200131
"680",0.86,2007,851311.34509,869520.479020132,851311.34509,869520.479020132
"681",0.87,2007,905958.70715,923340.785900132,905958.70715,923340.785900132
"682",0.88,2007,963580.99902,980740.883850132,963580.99902,980740.883850132
"683",0.89,2007,1027832.0764,1044313.03529013,1027832.0764,1044313.03529013
"684",0.9,2007,1123684.0679,1143808.11438026,1123684.0679,1143808.11438026
"685",0.91,2007,1235398.237,1257359.97949013,1235398.237,1257359.97949013
"686",0.92,2007,1359803.3826,1375506.2163852,1359803.3826,1375506.2163852
"687",0.93,2007,1485119.5233,1506969.38089507,1485119.5233,1506969.38089507
"688",0.94,2007,1846554.9788,1876676.9640852,1846554.9788,1876676.9640852
"689",0.95,2007,2345590.1959,2367848.19689013,2345590.1959,2367848.19689013
"690",0.96,2007,2944933.6272,2956167.55259507,2944933.6272,2956167.55259507
"691",0.97,2007,3930363.6957,3947647.02159013,3930363.6957,3947647.02159013
"692",0.98,2007,5725814.0712,5743466.93229507,5725814.0712,5743466.93229507
"693",0.99,2007,10337621.854,10361695.2267852,10337621.854,10361695.2267852
"694",0.01,2010,-94140.89093,-81124.338144443,-94140.89093,-81124.338144443
"695",0.02,2010,-60656.24182,-47699.3400488859,-60656.24182,-47699.3400488859
"696",0.03,2010,-40413.92957,-24639.096634443,-40413.92957,-24639.096634443
"697",0.04,2010,-28737.4852,-12535.2469133289,-28737.4852,-12535.2469133289
"698",0.05,2010,-18145.0296,-4797.38894444296,-18145.0296,-4797.38894444296
"699",0.06,2010,-12666.17326,396.770891114083,-12666.17326,396.770891114083
"700",0.07,2010,-8459.825491,4053.61511055704,-8459.825491,4053.61511055704
"701",0.08,2010,-5302.11904,6054.28136150704,-5302.11904,6054.28136150704
"702",0.09,2010,-3075.229043,6148.54125555704,-3075.229043,6148.54125555704
"703",0.1,2010,-1178.248676,6855.49046091704,-1178.248676,6855.49046091704
"704",0.11,2010,-70.69492054,8151.56400405704,-70.69492054,8151.56400405704
"705",0.12,2010,0,9624.37484855704,0,9624.37484855704
"706",0.13,2010,0,11191.445587157,0,11191.445587157
"707",0.14,2010,141.38984107,12297.0825111141,141.38984107,12297.0825111141
"708",0.15,2010,824.77407292,12886.2068489141,824.77407292,12886.2068489141
"709",0.16,2010,1567.0707385,14123.3679583141,1567.0707385,14123.3679583141
"710",0.17,2010,2356.4973512,15609.878120657,2356.4973512,15609.878120657
"711",0.18,2010,3418.0994079,17086.8041277852,3418.0994079,17086.8041277852
"712",0.19,2010,4123.8703646,18408.3594752282,4123.8703646,18408.3594752282
"713",0.2,2010,5066.4693051,19130.9248296141,5066.4693051,19130.9248296141
"714",0.21,2010,5967.8295419,20250.2610714141,5967.8295419,20250.2610714141
"715",0.22,2010,6774.9298847,21744.7200583711,6774.9298847,21744.7200583711
"716",0.23,2010,7611.4864444,23453.1806379711,7611.4864444,23453.1806379711
"717",0.24,2010,8660.1277657,24594.1650222282,8660.1277657,24594.1650222282
"718",0.25,2010,9803.028981,25764.4648731141,9803.028981,25764.4648731141
"719",0.26,2010,11081.428794,27357.017416557,11081.428794,27357.017416557
"720",0.27,2010,12348.04612,29360.040164557,12348.04612,29360.040164557
"721",0.28,2010,13903.334372,31192.3576056282,13903.334372,31192.3576056282
"722",0.29,2010,15552.882518,33100.3818776852,15552.882518,33100.3818776852
"723",0.3,2010,17320.255531,34893.2366952282,17320.255531,34893.2366952282
"724",0.31,2010,19087.628545,36814.5206196711,19087.628545,36814.5206196711
"725",0.32,2010,21326.301028,39434.066341557,21326.301028,39434.066341557
"726",0.33,2010,23918.448115,41635.4745331141,23918.448115,41635.4745331141
"727",0.34,2010,27688.843877,44447.6552062282,27688.843877,44447.6552062282
"728",0.35,2010,30199.691804,47666.1909216711,30199.691804,47666.1909216711
"729",0.36,2010,33591.869741,50603.863785557,33591.869741,50603.863785557
"730",0.37,2010,36237.038018,53535.7861571141,36237.038018,53535.7861571141
"731",0.38,2010,40178.279838,56316.4530311141,40178.279838,56316.4530311141
"732",0.39,2010,43583.41851,59869.0135387852,43583.41851,59869.0135387852
"733",0.4,2010,46776.472421,62928.344932557,46776.472421,62928.344932557
"734",0.41,2010,50429.043316,67117.1597242282,50429.043316,67117.1597242282
"735",0.42,2010,54741.433468,71070.043281557,54741.433468,71070.043281557
"736",0.43,2010,58924.216267,74862.0871851141,58924.216267,74862.0871851141
"737",0.44,2010,63000.956684,78846.484540557,63000.956684,78846.484540557
"738",0.45,2010,67397.002493,82746.7691568993,67397.002493,82746.7691568993
"739",0.46,2010,71731.779371,87233.6982791141,71731.779371,87233.6982791141
"740",0.47,2010,75763.746338,91872.1643992282,75763.746338,91872.1643992282
"741",0.48,2010,79767.435338,96378.0862501141,79767.435338,96378.0862501141
"742",0.49,2010,85293.421627,101040.855926671,85293.421627,101040.855926671
"743",0.5,2010,90725.148021,106841.673075557,90725.148021,106841.673075557
"744",0.51,2010,96557.478965,112073.097195557,96557.478965,112073.097195557
"745",0.52,2010,103450.23372,118050.933139785,103450.23372,118050.933139785
"746",0.53,2010,109223.65223,124892.442785557,109223.65223,124892.442785557
"747",0.54,2010,116045.71206,131123.461441114,116045.71206,131123.461441114
"748",0.55,2010,122738.16454,138112.392925557,122738.16454,138112.392925557
"749",0.56,2010,130007.95887,146794.168831114,130007.95887,146794.168831114
"750",0.57,2010,137855.09505,153023.270662228,137855.09505,153023.270662228
"751",0.58,2010,145513.71144,161699.014581114,145513.71144,161699.014581114
"752",0.59,2010,153796.79963,169100.333095557,153796.79963,169100.333095557
"753",0.6,2010,163187.44157,177980.494446671,163187.44157,177980.494446671
"754",0.61,2010,170492.58336,186420.588625557,170492.58336,186420.588625557
"755",0.62,2010,180861.1717,194792.186212228,180861.1717,194792.186212228
"756",0.63,2010,188873.2627,203409.017691114,188873.2627,203409.017691114
"757",0.64,2010,198711.63914,213153.134241114,198711.63914,213153.134241114
"758",0.65,2010,210435.21346,225903.701745557,210435.21346,225903.701745557
"759",0.66,2010,222983.56186,238092.825042228,222983.56186,238092.825042228
"760",0.67,2010,235767.55999,250163.841975557,235767.55999,250163.841975557
"761",0.68,2010,249553.06949,262932.223956671,249553.06949,262932.223956671
"762",0.69,2010,261818.63821,276482.083726671,261818.63821,276482.083726671
"763",0.7,2010,277124.0885,291691.357292228,277124.0885,291691.357292228
"764",0.71,2010,292382.40885,306505.776811114,292382.40885,306505.776811114
"765",0.72,2010,306462.48052,320805.882072228,306462.48052,320805.882072228
"766",0.73,2010,320247.99003,336568.932517785,320247.99003,336568.932517785
"767",0.74,2010,336507.82175,351654.349226671,336507.82175,351654.349226671
"768",0.75,2010,353828.07728,368878.428032228,353828.07728,368878.428032228
"769",0.76,2010,380338.67248,392849.756585557,380338.67248,392849.756585557
"770",0.77,2010,402902.13462,417850.276651114,402902.13462,417850.276651114
"771",0.78,2010,425701.24649,440221.385342228,425701.24649,440221.385342228
"772",0.79,2010,458880.7292,474449.509362228,458880.7292,474449.509362228
"773",0.8,2010,489797.97445,501358.792287785,489797.97445,501358.792287785
"774",0.81,2010,512420.34902,525917.328346671,512420.34902,525917.328346671
"775",0.82,2010,545823.69897,560108.188082228,545823.69897,560108.188082228
"776",0.83,2010,586296.54098,602224.546245557,586296.54098,602224.546245557
"777",0.84,2010,633308.66313,647145.417752228,633308.66313,647145.417752228
"778",0.85,2010,682205.98317,696388.263561114,682205.98317,696388.263561114
"779",0.86,2010,737465.84606,751449.741005557,737465.84606,751449.741005557
"780",0.87,2010,802505.17295,817577.171847785,802505.17295,817577.171847785
"781",0.88,2010,895586.81832,910595.789615557,895586.81832,910595.789615557
"782",0.89,2010,999154.87691,1011923.25889111,999154.87691,1011923.25889111
"783",0.9,2010,1121928.3889,1136935.44341111,1121928.3889,1136935.44341111
"784",0.91,2010,1254481.3649,1274716.00982223,1254481.3649,1274716.00982223
"785",0.92,2010,1412955.8118,1431165.78576667,1412955.8118,1431165.78576667
"786",0.93,2010,1646095.8772,1665093.36102223,1646095.8772,1665093.36102223
"787",0.94,2010,1938454.7211,1950298.31857779,1938454.7211,1950298.31857779
"788",0.95,2010,2196019.8816,2205349.69425556,2196019.8816,2205349.69425556
"789",0.96,2010,2588847.99,2607293.61376667,2588847.99,2607293.61376667
"790",0.97,2010,3355063.1038,3373722.72911111,3355063.1038,3373722.72911111
"791",0.98,2010,5037013.0882,5049310.17071111,5037013.0882,5049310.17071111
"792",0.99,2010,8031178.6226,8047128.27601111,8031178.6226,8047128.27601111
"793",0.01,2013,-86645.62881,-73005.0408594352,-86645.62881,-73005.0408594352
"794",0.02,2013,-57873.56956,-38961.7646494353,-57873.56956,-38961.7646494353
"795",0.03,2013,-41126.47401,-22136.4831188705,-41126.47401,-22136.4831188705
"796",0.04,2013,-27454.25501,-13539.1245094352,-27454.25501,-13539.1245094352
"797",0.05,2013,-20371.05722,-4687.87268943525,-20371.05722,-4687.87268943525
"798",0.06,2013,-14341.00465,-120.141691717624,-14341.00465,-120.141691717624
"799",0.07,2013,-9938.440314,3361.05784428238,-9938.440314,3361.05784428238
"800",0.08,2013,-6698.838222,5667.21526428238,-6698.838222,5667.21526428238
"801",0.09,2013,-4162.06506,7094.83652528238,-4162.06506,7094.83652528238
"802",0.1,2013,-2251.248911,7281.52545935238,-2251.248911,7281.52545935238
"803",0.11,2013,-735.7740343,8193.00672568238,-735.7740343,8193.00672568238
"804",0.12,2013,0,9532.77437018238,0,9532.77437018238
"805",0.13,2013,1.0981702004,11181.3437358471,1.0981702004,11181.3437358471
"806",0.14,2013,219.63404008,12597.3262595648,219.63404008,12597.3262595648
"807",0.15,2013,593.01190822,14189.6730505648,593.01190822,14189.6730505648
"808",0.16,2013,1317.8042405,15232.2777102824,1317.8042405,15232.2777102824
"809",0.17,2013,2141.4318908,16562.3777138471,2141.4318908,16562.3777138471
"810",0.18,2013,3129.7850712,18186.3555492824,3129.7850712,18186.3555492824
"811",0.19,2013,3953.4127215,19723.7938302824,3953.4127215,19723.7938302824
"812",0.2,2013,4722.1318617,21208.2946921295,4722.1318617,21208.2946921295
"813",0.21,2013,5523.796108,22261.8810542071,5523.796108,22261.8810542071
"814",0.22,2013,6490.1858844,23732.7720920648,6490.1858844,23732.7720920648
"815",0.23,2013,7555.4109788,25040.2516612471,7555.4109788,25040.2516612471
"816",0.24,2013,8796.3433053,26730.1197082824,8796.3433053,26730.1197082824
"817",0.25,2013,9663.8977636,28379.3461011295,9663.8977636,28379.3461011295
"818",0.26,2013,10542.433924,29893.5069165648,10542.433924,29893.5069165648
"819",0.27,2013,11640.604124,31584.0319942824,11640.604124,31584.0319942824
"820",0.28,2013,13178.042405,33242.9260275648,13178.042405,33242.9260275648
"821",0.29,2013,14671.553877,35098.1766352824,14671.553877,35098.1766352824
"822",0.3,2013,16252.918966,36635.6149162824,16252.918966,36635.6149162824
"823",0.31,2013,18009.991287,38592.3289651295,18009.991287,38592.3289651295
"824",0.32,2013,19987.795818,40547.0719221295,19987.795818,40547.0719221295
"825",0.33,2013,21963.404008,42337.0893481295,21963.404008,42337.0893481295
"826",0.34,2013,24159.744409,44517.5388054572,24159.744409,44517.5388054572
"827",0.35,2013,26685.53587,46950.0612204119,26685.53587,46950.0612204119
"828",0.36,2013,29650.595411,49287.8496858471,29650.595411,49287.8496858471
"829",0.37,2013,32946.204182,51637.2768845648,32946.204182,51637.2768845648
"830",0.38,2013,35525.805983,54998.3347278471,35525.805983,54998.3347278471
"831",0.39,2013,38655.591054,58709.4929745648,38655.591054,58709.4929745648
"832",0.4,2013,41928.138252,61257.9048708471,41928.138252,61257.9048708471
"833",0.41,2013,45683.880337,64203.6291299766,45683.880337,64203.6291299766
"834",0.42,2013,49417.659018,68098.1911582824,49417.659018,68098.1911582824
"835",0.43,2013,54908.51002,72239.6068748471,54908.51002,72239.6068748471
"836",0.44,2013,59103.520186,76071.5638435648,59103.520186,76071.5638435648
"837",0.45,2013,64462.590764,81091.5157211295,64462.590764,81091.5157211295
"838",0.46,2013,68514.838803,85394.3718142824,68514.838803,85394.3718142824
"839",0.47,2013,74049.616613,89688.8743285648,74049.616613,89688.8743285648
"840",0.48,2013,78409.352309,95093.1857761295,78409.352309,95093.1857761295
"841",0.49,2013,84504.196921,101098.205680282,84504.196921,101098.205680282
"842",0.5,2013,89391.054313,106129.796290129,89391.054313,106129.796290129
"843",0.51,2013,94881.905315,111817.003866565,94881.905315,111817.003866565
"844",0.52,2013,99494.220157,118450.393015282,99494.220157,118450.393015282
"845",0.53,2013,107181.41156,124599.047965282,107181.41156,124599.047965282
"846",0.54,2013,114539.1519,130618.991761129,114539.1519,130618.991761129
"847",0.55,2013,122039.65437,136349.469115282,122039.65437,136349.469115282
"848",0.56,2013,127717.19431,144632.300546412,127717.19431,144632.300546412
"849",0.57,2013,134855.30061,151559.126385282,134855.30061,151559.126385282
"850",0.58,2013,142762.12605,159911.367790565,142762.12605,159911.367790565
"851",0.59,2013,154292.91316,169690.573430565,154292.91316,169690.573430565
"852",0.6,2013,162089.92158,178119.029720565,162089.92158,178119.029720565
"853",0.61,2013,171193.75254,188249.649810565,171193.75254,188249.649810565
"854",0.62,2013,179990.09585,196595.743340565,179990.09585,196595.743340565
"855",0.63,2013,190148.1702,207730.532135282,190148.1702,207730.532135282
"856",0.64,2013,201294.59773,218186.426505847,201294.59773,218186.426505847
"857",0.65,2013,211968.81208,229321.215310565,211968.81208,229321.215310565
"858",0.66,2013,222159.83154,239335.870505282,222159.83154,239335.870505282
"859",0.67,2013,233492.94801,249826.681071694,233492.94801,249826.681071694
"860",0.68,2013,243134.88237,260003.433675282,243134.88237,260003.433675282
"861",0.69,2013,256203.10775,272941.849731129,256203.10775,272941.849731129
"862",0.7,2013,271149.20418,285338.877230565,271149.20418,285338.877230565
"863",0.71,2013,283294.9666,298109.939635282,283294.9666,298109.939635282
"864",0.72,2013,297538.2341,313113.572696412,297538.2341,313113.572696412
"865",0.73,2013,312649.05606,328815.435470565,312649.05606,328815.435470565
"866",0.74,2013,329560.87714,345707.264236412,329560.87714,345707.264236412
"867",0.75,2013,347944.2463,364945.235060565,347944.2463,364945.235060565
"868",0.76,2013,368436.10224,384163.213570565,368436.10224,384163.213570565
"869",0.77,2013,392266.39559,408036.776695282,392266.39559,408036.776695282
"870",0.78,2013,416865.40807,434788.859810565,416865.40807,434788.859810565
"871",0.79,2013,441464.42056,458442.788895282,441464.42056,458442.788895282
"872",0.8,2013,470346.29683,487261.403076412,470346.29683,487261.403076412
"873",0.81,2013,496372.93058,511201.513446412,496372.93058,511201.513446412
"874",0.82,2013,531184.92594,549088.385356412,531184.92594,549088.385356412
"875",0.83,2013,582293.76706,600526.02051113,582293.76706,600526.02051113
"876",0.84,2013,635950.36306,653787.275231129,635950.36306,653787.275231129
"877",0.85,2013,681963.69445,700677.828730565,681963.69445,700677.828730565
"878",0.86,2013,729185.01307,746712.466495282,729185.01307,746712.466495282
"879",0.87,2013,786838.94859,799095.185055282,786838.94859,799095.185055282
"880",0.88,2013,854486.23294,871684.235305282,854486.23294,871684.235305282
"881",0.89,2013,932017.04909,950324.203355282,932017.04909,950324.203355282
"882",0.9,2013,1034695.9628,1052443.05032528,1034695.9628,1052443.05032528
"883",0.91,2013,1128589.515,1154027.07895169,1128589.515,1154027.07895169
"884",0.92,2013,1254220.1859,1269287.73802528,1254220.1859,1269287.73802528
"885",0.93,2013,1450715.7798,1463557.98867698,1450715.7798,1463557.98867698
"886",0.94,2013,1688436.6831,1702375.09110113,1688436.6831,1702375.09110113
"887",0.95,2013,2055335.3471,2070623.19035056,2055335.3471,2070623.19035056
"888",0.96,2013,2561591.8095,2581205.78632528,2561591.8095,2581205.78632528
"889",0.97,2013,3385768.5449,3397981.51155056,3385768.5449,3397981.51155056
"890",0.98,2013,4809985.4778,4827865.65977585,4809985.4778,4827865.65977585
"891",0.99,2013,8654020.4473,8668210.12035057,8654020.4473,8668210.12035057
"892",0.01,2016,-85745.20956,-52003.394072912,-85745.20956,-52003.394072912
"893",0.02,2016,-54157.1083,-18389.2072858239,-54157.1083,-18389.2072858239
"894",0.03,2016,-36948.50633,-5631.63599291196,-36948.50633,-5631.63599291196
"895",0.04,2016,-27385.92658,3940.51590708804,-27385.92658,3940.51590708804
"896",0.05,2016,-18399.80309,10534.664994088,-18399.80309,10534.664994088
"897",0.06,2016,-12603.33333,14097.632646088,-12603.33333,14097.632646088
"898",0.07,2016,-8561.758087,16066.3052195212,-8561.758087,16066.3052195212
"899",0.08,2016,-5594.390999,16341.770479718,-5594.390999,16341.770479718
"900",0.09,2016,-3020.54571,17023.520409398,-3020.54571,17023.520409398
"901",0.1,2016,-1095.479606,18203.022237788,-1095.479606,18203.022237788
"902",0.11,2016,0,20202.538412188,0,20202.538412188
"903",0.12,2016,21.271448664,21808.532786288,21.271448664,21808.532786288
"904",0.13,2016,212.71448664,23988.856274388,212.71448664,23988.856274388
"905",0.14,2016,542.42194093,26626.515909088,542.42194093,26626.515909088
"906",0.15,2016,989.12236287,28828.110845088,989.12236287,28828.110845088
"907",0.16,2016,1489.0014065,31471.0683855761,1489.0014065,31471.0683855761
"908",0.17,2016,2255.8371308,32874.9839974061,2255.8371308,32874.9839974061
"909",0.18,2016,3286.4388186,34890.473715088,3286.4388186,34890.473715088
"910",0.19,2016,4153.2503516,36916.5592435761,4153.2503516,36916.5592435761
"911",0.2,2016,4998.790436,38884.1682449761,4998.790436,38884.1682449761
"912",0.21,2016,5744.3547117,41590.980044088,5744.3547117,41590.980044088
"913",0.22,2016,6700.5063291,44861.4453191761,6700.5063291,44861.4453191761
"914",0.23,2016,7881.07173,47977.7125491761,7881.07173,47977.7125491761
"915",0.24,2016,9359.4374121,49269.9330987641,9359.4374121,49269.9330987641
"916",0.25,2016,10805.895921,51322.667807088,10805.895921,51322.667807088
"917",0.26,2016,12130.043601,53545.534193088,12130.043601,53545.534193088
"918",0.27,2016,13837.077356,56119.3395685641,13837.077356,56119.3395685641
"919",0.28,2016,15795.114205,59060.0973903522,15795.114205,59060.0973903522
"920",0.29,2016,17868.016878,62405.092561088,17868.016878,62405.092561088
"921",0.3,2016,19878.168776,64282.2380370162,19878.168776,64282.2380370162
"922",0.31,2016,22244.61744,66760.3618063522,22244.61744,66760.3618063522
"923",0.32,2016,24462.165963,69243.863307088,24462.165963,69243.863307088
"924",0.33,2016,27652.883263,71424.1468822641,27652.883263,71424.1468822641
"925",0.34,2016,30311.814346,74673.3806221761,30311.814346,74673.3806221761
"926",0.35,2016,32970.745429,77071.7165022641,32970.745429,77071.7165022641
"927",0.36,2016,36320.998594,80634.6841532641,36320.998594,80634.6841532641
"928",0.37,2016,40415.752461,83602.091155088,40415.752461,83602.091155088
"929",0.38,2016,43957.448664,86622.636865088,43957.448664,86622.636865088
"930",0.39,2016,47887.348805,89680.3477413522,47887.348805,89680.3477413522
"931",0.4,2016,52221.40647,93168.8653223522,52221.40647,93168.8653223522
"932",0.41,2016,57220.196906,97008.4017191761,57220.196906,97008.4017191761
"933",0.42,2016,62218.987342,100987.146366328,62218.987342,100987.146366328
"934",0.43,2016,67005.063291,106717.754461176,67005.063291,106717.754461176
"935",0.44,2016,71259.353024,110941.200594176,71259.353024,110941.200594176
"936",0.45,2016,76045.428973,115934.693124088,76045.428973,115934.693124088
"937",0.46,2016,81852.534459,121716.213002352,81852.534459,121716.213002352
"938",0.47,2016,86947.046414,126995.846427088,86947.046414,126995.846427088
"939",0.48,2016,92530.801688,133286.817502352,92530.801688,133286.817502352
"940",0.49,2016,97795.485232,138812.096249264,97795.485232,138812.096249264
"941",0.5,2016,103474.96203,144120.426177088,103474.96203,144120.426177088
"942",0.51,2016,108909.81716,150075.368227088,108909.81716,150075.368227088
"943",0.52,2016,113695.89311,155180.515907088,113695.89311,155180.515907088
"944",0.53,2016,120077.32771,162109.630442352,120077.32771,162109.630442352
"945",0.54,2016,127320.25598,169113.314787088,127320.25598,169113.314787088
"946",0.55,2016,134818.44163,176877.393547088,134818.44163,176877.393547088
"947",0.56,2016,144699.02954,184933.894858352,144699.02954,184933.894858352
"948",0.57,2016,154164.82419,193804.088948352,154164.82419,193804.088948352
"949",0.58,2016,161896.99578,202940.216064176,161896.99578,202940.216064176
"950",0.59,2016,170597.01828,213097.332804176,170597.01828,213097.332804176
"951",0.6,2016,180807.31364,222717.365417088,180807.31364,222717.365417088
"952",0.61,2016,190624.0872,231438.659367088,190624.0872,231438.659367088
"953",0.62,2016,200164.33193,240590.680204176,200164.33193,240590.680204176
"954",0.63,2016,209736.48383,250641.439694176,209736.48383,250641.439694176
"955",0.64,2016,220095.67932,261223.985404176,220095.67932,261223.985404176
"956",0.65,2016,234836.79325,271115.209034176,234836.79325,271115.209034176
"957",0.66,2016,244089.87342,281820.045621264,244089.87342,281820.045621264
"958",0.67,2016,256214.59916,296428.232944176,256214.59916,296428.232944176
"959",0.68,2016,269402.89733,306739.587637088,269402.89733,306739.587637088
"960",0.69,2016,283633.49648,320411.751398352,283633.49648,320411.751398352
"961",0.7,2016,296736.70886,333706.446724176,296736.70886,333706.446724176
"962",0.71,2016,313860.22504,351000.094578352,313860.22504,351000.094578352
"963",0.72,2016,331302.81294,369293.540428352,331302.81294,369293.540428352
"964",0.73,2016,345448.3263,387480.629038352,345448.3263,387480.629038352
"965",0.74,2016,365868.91702,404269.179767088,365868.91702,404269.179767088
"966",0.75,2016,392032.79887,431682.659442528,392032.79887,431682.659442528
"967",0.76,2016,419579.32489,451608.748851264,419579.32489,451608.748851264
"968",0.77,2016,440212.6301,476916.474854176,440212.6301,476916.474854176
"969",0.78,2016,466429.69058,507345.282164176,466429.69058,507345.282164176
"970",0.79,2016,499028.18565,534774.815224176,499028.18565,534774.815224176
"971",0.8,2016,531041.71589,568096.539554176,531041.71589,568096.539554176
"972",0.81,2016,576988.04501,617201.678794176,576988.04501,617201.678794176
"973",0.82,2016,620700.87201,660590.136157088,620700.87201,660590.136157088
"974",0.83,2016,664413.69902,704180.632384176,664413.69902,704180.632384176
"975",0.84,2016,716858.4557,756008.477138352,716858.4557,756008.477138352
"976",0.85,2016,785980.02813,824071.854867088,785980.02813,824071.854867088
"977",0.86,2016,860855.52743,897772.086674176,860855.52743,897772.086674176
"978",0.87,2016,939134.45851,975067.233207088,939134.45851,975067.233207088
"979",0.88,2016,1042226.5345,1075239.78289418,1042226.5345,1075239.78289418
"980",0.89,2016,1140734.6132,1186010.81188835,1140734.6132,1186010.81188835
"981",0.9,2016,1262003.1421,1299908.82369418,1262003.1421,1299908.82369418
"982",0.91,2016,1401256.6807,1444443.01944709,1401256.6807,1444443.01944709
"983",0.92,2016,1537606.6667,1582616.97218835,1537606.6667,1582616.97218835
"984",0.93,2016,1793927.6231,1824106.39103544,1793927.6231,1824106.39103544
"985",0.94,2016,2174261.1252,2208726.16994709,2174261.1252,2208726.16994709
"986",0.95,2016,2539013.2911,2578003.81659418,2539013.2911,2578003.81659418
"987",0.96,2016,3018418.5654,3052038.05009418,3018418.5654,3052038.05009418
"988",0.97,2016,3928411.1392,3959478.05009418,3928411.1392,3959478.05009418
"989",0.98,2016,6161806.8917,6193937.37499418,6161806.8917,6193937.37499418
"990",0.99,2016,11008293.755,11040424.2382942,11008293.755,11040424.2382942
"991",0.01,2019,-93110,-44287.5783188115,-93110,-44287.5783188115
"992",0.02,2019,-54865,-10795.1566376229,-54865,-10795.1566376229
"993",0.03,2019,-35600,5822.42168118853,-35600,5822.42168118853
"994",0.04,2019,-25790,14634.8433623771,-25790,14634.8433623771
"995",0.05,2019,-18570,21052.4216811885,-18570,21052.4216811885
"996",0.06,2019,-11980,23792.4216811885,-11980,23792.4216811885
"997",0.07,2019,-7510,24422.4216811885,-7510,24422.4216811885
"998",0.08,2019,-3800,24972.4216811885,-3800,24972.4216811885
"999",0.09,2019,-1800,26102.4216811885,-1800,26102.4216811885
"1000",0.1,2019,-500,27572.4216811885,-500,27572.4216811885
"1001",0.11,2019,5,29412.4216811885,5,29412.4216811885
"1002",0.12,2019,190,31314.8433623771,190,31314.8433623771
"1003",0.13,2019,500,33495.8433623771,500,33495.8433623771
"1004",0.14,2019,870,36702.4216811885,870,36702.4216811885
"1005",0.15,2019,1590,39802.4216811885,1590,39802.4216811885
"1006",0.16,2019,2590,43452.4216811885,2590,43452.4216811885
"1007",0.17,2019,3460,46704.8433623771,3460,46704.8433623771
"1008",0.18,2019,4480,48684.8433623771,4480,48684.8433623771
"1009",0.19,2019,5400,49852.4216811885,5400,49852.4216811885
"1010",0.2,2019,6370,52904.8433623771,6370,52904.8433623771
"1011",0.21,2019,7350,55334.8433623771,7350,55334.8433623771
"1012",0.22,2019,8590,58504.8433623771,8590,58504.8433623771
"1013",0.23,2019,9707,62102.4216811885,9707,62102.4216811885
"1014",0.24,2019,10710,66302.4216811885,10710,66302.4216811885
"1015",0.25,2019,12410,70902.4216811885,12410,70902.4216811885
"1016",0.26,2019,14201,73907.2650435656,14201,73907.2650435656
"1017",0.27,2019,16052,77237.2650435656,16052,77237.2650435656
"1018",0.28,2019,18140,81102.4216811885,18140,81102.4216811885
"1019",0.29,2019,20400,86209.6867247541,20400,86209.6867247541
"1020",0.3,2019,23900,89427.2650435656,23900,89427.2650435656
"1021",0.31,2019,27210,94202.4216811885,27210,94202.4216811885
"1022",0.32,2019,31140,98192.4216811885,31140,98192.4216811885
"1023",0.33,2019,36600,101989.686724754,36600,101989.686724754
"1024",0.34,2019,40510,105728.686724754,40510,105728.686724754
"1025",0.35,2019,45200,108632.421681189,45200,108632.421681189
"1026",0.36,2019,50451,111409.686724754,50451,111409.686724754
"1027",0.37,2019,55400,115304.843362377,55400,115304.843362377
"1028",0.38,2019,59600,119904.843362377,59600,119904.843362377
"1029",0.39,2019,63160,123499.686724754,63160,123499.686724754
"1030",0.4,2019,67650,127547.265043566,67650,127547.265043566
"1031",0.41,2019,72000,131104.843362377,72000,131104.843362377
"1032",0.42,2019,75800,136402.421681189,75800,136402.421681189
"1033",0.43,2019,80500,140770.686724754,80500,140770.686724754
"1034",0.44,2019,84550,147072.421681189,84550,147072.421681189
"1035",0.45,2019,89610,151917.265043566,89610,151917.265043566
"1036",0.46,2019,95160,157419.686724754,95160,157419.686724754
"1037",0.47,2019,100700,164557.265043566,100700,164557.265043566
"1038",0.48,2019,106320,170752.421681189,106320,170752.421681189
"1039",0.49,2019,114300,176102.421681189,114300,176102.421681189
"1040",0.5,2019,121760,181832.108405943,121760,181832.108405943
"1041",0.51,2019,127400,187497.265043566,127400,187497.265043566
"1042",0.52,2019,134220,195009.686724754,134220,195009.686724754
"1043",0.53,2019,141800,202454.843362377,141800,202454.843362377
"1044",0.54,2019,150000,209847.265043566,150000,209847.265043566
"1045",0.55,2019,158600,218813.108405943,158600,218813.108405943
"1046",0.56,2019,167431,226657.265043566,167431,226657.265043566
"1047",0.57,2019,174960,235812.108405943,174960,235812.108405943
"1048",0.58,2019,182200,245904.843362377,182200,245904.843362377
"1049",0.59,2019,192100,255174.843362377,192100,255174.843362377
"1050",0.6,2019,200950,263809.686724754,200950,263809.686724754
"1051",0.61,2019,211330,270304.843362377,211330,270304.843362377
"1052",0.62,2019,220110,278410.686724754,220110,278410.686724754
"1053",0.63,2019,228700,287807.265043566,228700,287807.265043566
"1054",0.64,2019,238440,298709.686724754,238440,298709.686724754
"1055",0.65,2019,249500,309122.421681189,249500,309122.421681189
"1056",0.66,2019,259980,322302.421681189,259980,322302.421681189
"1057",0.67,2019,272400,333002.421681189,272400,333002.421681189
"1058",0.68,2019,288600,345902.421681189,288600,345902.421681189
"1059",0.69,2019,301900,362414.843362377,301900,362414.843362377
"1060",0.7,2019,315400,375262.108405943,315400,375262.108405943
"1061",0.71,2019,329251,390502.421681189,329251,390502.421681189
"1062",0.72,2019,349000,405604.843362377,349000,405604.843362377
"1063",0.73,2019,366450,419807.265043566,366450,419807.265043566
"1064",0.74,2019,383400,439489.686724754,383400,439489.686724754
"1065",0.75,2019,404100,460959.686724754,404100,460959.686724754
"1066",0.76,2019,428100,485419.686724754,428100,485419.686724754
"1067",0.77,2019,455400,508102.421681189,455400,508102.421681189
"1068",0.78,2019,485800,542407.265043566,485800,542407.265043566
"1069",0.79,2019,526000,583632.421681189,526000,583632.421681189
"1070",0.8,2019,557160,617302.421681189,557160,617302.421681189
"1071",0.81,2019,591800,651807.265043566,591800,651807.265043566
"1072",0.82,2019,636240,694604.843362377,636240,694604.843362377
"1073",0.83,2019,683100,737704.843362377,683100,737704.843362377
"1074",0.84,2019,739510,799302.421681189,739510,799302.421681189
"1075",0.85,2019,795500,847604.843362377,795500,847604.843362377
"1076",0.86,2019,854590,918809.686724754,854590,918809.686724754
"1077",0.87,2019,930000,986952.421681189,930000,986952.421681189
"1078",0.88,2019,986700,1048604.84336238,986700,1048604.84336238
"1079",0.89,2019,1082000,1144607.26504357,1082000,1144607.26504357
"1080",0.9,2019,1219499,1269059.68672475,1219499,1269059.68672475
"1081",0.91,2019,1343100,1395012.10840594,1343100,1395012.10840594
"1082",0.92,2019,1549900,1615604.84336238,1549900,1615604.84336238
"1083",0.93,2019,1771100,1824907.26504357,1771100,1824907.26504357
"1084",0.94,2019,2103601,2147209.68672475,2103601,2147209.68672475
"1085",0.95,2019,2598400,2653109.68672475,2598400,2653109.68672475
"1086",0.96,2019,3291000,3350604.84336238,3291000,3350604.84336238
"1087",0.97,2019,4652800,4701404.84336238,4652800,4701404.84336238
"1088",0.98,2019,6552100,6602704.84336238,6552100,6602704.84336238
"1089",0.99,2019,11121000,11145302.4216812,11121000,11145302.4216812
"1090",0.999,2019,43902000,43950604.8433624,43902000,43950604.8433624
